key,enabled,identity,password,username
user-account-customer-01,true,"UserIdentity{name: 'Dani', surname: 'Jimenez', email: 'djimenez@acme.com'}",customer1,customer1
user-account-customer-02,true,"UserIdentity{name: 'Jordi', surname: 'Wild', email: 'wild@acme.com'}",customer2,customer2
user-account-customer-03,true,"UserIdentity{name: 'Manolo', surname: 'वर्मा', email: 'manolo@acme.com'}",customer3,customer3
user-account-customer-04,true,"UserIdentity{name: 'Lucia', surname: 'Gomez', email: 'lucia@acme.com'}",customer4,customer4
user-account-customer-05,true,"UserIdentity{name: 'Carlos', surname: 'Rodriguez', email: 'carlos@acme.com'}",customer5,customer5
user-account-customer-06,true,"UserIdentity{name: 'Maria', surname: 'Fernandez', email: 'maria@acme.com'}",customer6,customer6
user-account-customer-07,true,"UserIdentity{name: 'Pablo', surname: 'Lopez', email: 'pablo@acme.com'}",customer7,customer7
user-account-customer-08,true,"UserIdentity{name: 'Elena', surname: 'Martinez', email: 'elena@acme.com'}",customer8,customer8
user-account-customer-09,true,"UserIdentity{name: 'David', surname: 'Sanchez', email: 'david@acme.com'}",customer9,customer9
user-account-customer-10,true,"UserIdentity{name: 'Sandra', surname: 'Perez', email: 'sandra@acme.com'}",customer10,customer10
user-account-customer-11,true,"UserIdentity{name: 'Jose', surname: 'Ramirez', email: 'jose@acme.com'}",customer11,customer11
user-account-customer-12,true,"UserIdentity{name: 'Raquel', surname: 'Torres', email: 'raquel@acme.com'}",customer12,customer12
user-account-customer-13,true,"UserIdentity{name: 'Fernando', surname: 'Dominguez', email: 'fernando@acme.com'}",customer13,customer13
user-account-customer-14,true,"UserIdentity{name: 'Isabel', surname: 'Vega', email: 'isabel@acme.com'}",customer14,customer14
user-account-customer-15,true,"UserIdentity{name: 'Miguel', surname: 'Hernandez', email: 'miguel@acme.com'}",customer15,customer15
user-account-customer-16,true,"UserIdentity{name: 'Cristina', surname: 'Ruiz', email: 'cristina@acme.com'}",customer16,customer16
user-account-customer-17,true,"UserIdentity{name: 'Antonio', surname: 'Ortega', email: 'antonio@acme.com'}",customer17,customer17
user-account-customer-18,true,"UserIdentity{name: 'Beatriz', surname: 'Gil', email: 'beatriz@acme.com'}",customer18,customer18
user-account-customer-19,true,"UserIdentity{name: 'Ricardo', surname: 'Navarro', email: 'ricardo@acme.com'}",customer19,customer19
user-account-customer-20,true,"UserIdentity{name: 'Sofia', surname: 'Flores', email: 'sofia@acme.com'}",customer20,customer20
user-account-customer-21,true,"UserIdentity{name: 'Alejandro', surname: 'Molina', email: 'alejandro@acme.com'}",customer21,customer21
user-account-customer-22,true,"UserIdentity{name: 'Carmen', surname: 'Suarez', email: 'carmen@acme.com'}",customer22,customer22
user-account-customer-23,true,"UserIdentity{name: 'Javier', surname: 'Castro', email: 'javier@acme.com'}",customer23,customer23
user-account-customer-24,true,"UserIdentity{name: 'Natalia', surname: 'Iglesias', email: 'natalia@acme.com'}",customer24,customer24
user-account-customer-25,true,"UserIdentity{name: 'Oscar', surname: 'Guerrero', email: 'oscar@acme.com'}",customer25,customer25
user-account-customer-26,true,"UserIdentity{name: 'Marina', surname: 'Reyes', email: 'marina@acme.com'}",customer26,customer26
user-account-customer-27,true,"UserIdentity{name: 'Daniel', surname: 'Aguilar', email: 'daniel@acme.com'}",customer27,customer27
user-account-customer-28,true,"UserIdentity{name: 'Patricia', surname: 'Delgado', email: 'patricia@acme.com'}",customer28,customer28
user-account-customer-29,true,"UserIdentity{name: 'Sergio', surname: 'Cabrera', email: 'sergio@acme.com'}",customer29,customer29
user-account-customer-30,true,"UserIdentity{name: 'Eva', surname: 'Campos', email: 'eva@acme.com'}",customer30,customer30
user-account-customer-31,true,"UserIdentity{name: 'Francisco', surname: 'Rios', email: 'francisco@acme.com'}",customer31,customer31
user-account-customer-32,true,"UserIdentity{name: 'Silvia', surname: 'Medina', email: 'silvia@acme.com'}",customer32,customer32
user-account-customer-33,true,"UserIdentity{name: 'Roberto', surname: 'Ferrer', email: 'roberto@acme.com'}",customer33,customer33
user-account-customer-34,true,"UserIdentity{name: 'Paula', surname: 'Lorenzo', email: 'paula@acme.com'}",customer34,customer34
user-account-customer-35,true,"UserIdentity{name: 'Adrian', surname: 'Santos', email: 'adrian@acme.com'}",customer35,customer35
user-account-customer-36,true,"UserIdentity{name: 'Monica', surname: 'Carrillo', email: 'monica@acme.com'}",customer36,customer36
user-account-customer-37,true,"UserIdentity{name: 'Rafael', surname: 'Vargas', email: 'rafael@acme.com'}",customer37,customer37
user-account-customer-38,true,"UserIdentity{name: 'Lorena', surname: 'Peña', email: 'lorena@acme.com'}",customer38,customer38
user-account-customer-39,true,"UserIdentity{name: 'Victor', surname: 'Cortes', email: 'victor@acme.com'}",customer39,customer39
user-account-customer-40,true,"UserIdentity{name: 'Vanessa', surname: 'Nunez', email: 'vanessa@acme.com'}",customer40,customer40
user-account-customer-41,true,"UserIdentity{name: 'Hugo', surname: 'Pardo', email: 'hugo@acme.com'}",customer41,customer41
user-account-customer-42,true,"UserIdentity{name: 'Clara', surname: 'Sola', email: 'clara@acme.com'}",customer42,customer42
